time,cpuusage
1621673928,0.017702136
1621673929,0.017703221
1621673930,0.017703414
1621673931,0.017703473
1621673932,0.60144
1621673933,0.60144
1621673934,0.60144
1621673935,0.60144
1621673936,0.60144
1621673937,0.60144
1621673938,0.60144
1621673939,0.017704434
1621673940,0.017704685
1621673941,0.0177047
1621673942,0.017704756
1621673943,0.017704813
1621673944,0.01770523
1621673945,0.017705416
1621673946,0.017705525
1621673947,0.017705585
1621673949,0.017705773
1621673950,0.017705697
1621673951,0.017705665
1621673952,0.017706078
1621673953,0.017707294
1621673954,0.017707756
1621673955,0.017707725
1621673956,0.017707649
1621673957,0.017707705
1621673958,0.017707761
1621673959,0.017707911
1621673960,0.017708105
1621673961,0.017708252
1621673962,0.017708353
1621673963,0.017708288
1621673964,0.017708434
1621673965,0.017708716
1621673966,0.017708686
1621673967,0.017708742
1621673968,0.0177088
1621673969,0.017708901
1621673970,0.017708916
1621673972,0.017708979
1621673973,0.017709424
1621673974,0.017710949
1621673975,0.017712126
1621673976,0.017713389
1621673977,0.017714653
1621673978,0.017715829
1621673979,0.017717354
1621673980,0.017718661
1621673981,0.017719837
1621673982,0.01772097
1621673983,0.017722146
1621673984,0.017723192
1621673985,0.017724412
1621673986,0.017726416
1621673987,0.017727723
1621673988,0.017729161
1621673989,0.017730293
1621673990,0.017731775
1621673991,0.017731775
1621673992,0.017734694
1621673993,0.017735696
1621673995,0.01773709
1621673996,0.017738832
1621673997,0.017740096
1621673998,0.017741011
1621673999,0.017741969
1621674000,0.017743189
1621674001,0.017744278
1621674002,0.017745716
1621674003,0.017746979
1621674004,0.017748112
1621674005,0.017749288
1621674006,0.017750464
1621674007,0.232345
1621674008,0.232345
1621674009,0.232345
1621674010,0.232345
1621674011,0.232345
1621674012,0.232345
1621674013,0.232345
1621674014,0.232345
1621674015,0.232345
1621674016,0.232345
1621674017,0.232345
1621674019,0.232345
1621674020,0.232345
1621674021,0.232345
1621674022,0.232345
1621674023,0.232345
1621674024,0.232345
1621674025,0.232345
1621674026,0.232345
1621674027,0.232345
1621674028,0.232345
1621674029,0.232345
1621674030,0.232345
1621674031,0.232345
1621674032,0.232345
1621674033,0.232345
1621674034,0.232345
1621674035,0.232345
1621674036,0.232345
1621674037,0.232345
1621674038,0.232345
1621674039,0.232345
1621674040,0.232345
1621674041,0.232345
1621674042,0.232345
1621674044,0.232345
1621674045,0.232345
1621674046,0.232345
1621674047,0.232345
1621674048,0.232345
1621674049,0.232345
1621674050,0.232345
1621674051,0.232345
1621674052,0.232345
1621674053,0.232345
1621674054,0.232345
1621674055,0.232345
1621674056,0.232345
1621674057,0.232345
1621674058,0.232345
1621674059,0.232345
1621674060,0.232345
1621674061,0.232345
1621674062,0.232345
1621674063,0.232345
1621674064,0.232345
1621674065,0.232345
1621674066,0.232345
1621674067,0.232345
1621674068,0.232345
1621674069,0.232345
1621674070,0.232345
1621674072,0.232345
1621674073,0.232345
1621674074,0.232345
1621674075,0.232345
1621674076,0.232345
1621674077,0.232345
1621674078,0.232345
1621674079,0.232345
1621674080,0.232345
1621674081,0.232345
1621674082,0.232345
1621674083,0.232345
1621674084,0.232345
1621674085,0.232345
1621674086,0.232345
1621674087,0.232345
1621674088,0.232345
1621674089,0.232345
1621674090,0.232345
1621674091,0.232345
1621674092,0.232345
1621674093,0.232345
1621674094,0.232345
1621674096,0.232345
1621674097,0.232345
1621674098,0.232345
1621674099,0.232345
1621674100,0.232345
1621674101,0.232345
1621674102,0.232345
1621674103,0.232345
1621674104,0.232345
1621674105,0.232345
1621674106,0.232345
1621674107,0.232345
1621674108,0.232345
1621674109,0.232345
1621674110,0.232345
1621674111,0.232345
1621674112,0.232345
1621674113,0.232345
1621674114,0.232345
1621674115,0.232345
1621674116,0.232345
1621674117,0.232345
1621674118,0.232345
1621674119,0.232345
1621674120,0.232345
1621674122,0.232345
1621674123,0.232345
1621674124,0.232345
1621674125,0.232345
1621674126,0.232345
1621674127,0.232345
1621674128,0.232345
1621674129,0.232345
1621674130,0.232345
1621674131,0.232345
1621674132,0.232345
1621674133,0.232345
1621674134,0.232345
1621674135,0.232345
1621674136,0.232345
1621674137,0.232345
1621674138,0.232345
1621674139,0.232345
1621674140,0.232345
1621674141,0.232345
1621674142,0.232345
1621674143,0.232345
1621674144,0.232345
1621674145,0.232345
1621674146,0.232345
1621674147,0.232345
1621674149,0.232345
1621674150,0.232345
1621674151,0.232345
1621674152,0.232345
1621674153,0.232345
1621674154,0.232345
1621674155,0.232345
1621674156,0.232345
1621674157,0.232345
1621674158,0.232345
1621674159,0.232345
1621674160,0.232345
1621674161,0.232345
1621674162,0.232345
1621674163,0.232345
1621674164,0.232345
1621674165,0.232345
1621674166,0.232345
1621674167,0.232345
1621674168,0.232345
1621674169,0.232345
1621674170,0.232345
1621674171,0.232345
1621674172,0.232345
1621674173,0.232345
1621674175,0.232345
1621674176,0.232345
1621674177,0.232345
1621674178,0.232345
1621674179,0.232345
1621674180,0.232345
1621674181,0.232345
1621674182,0.232345
1621674183,0.232345
1621674184,0.232345
1621674185,0.232345
1621674186,0.232345
1621674187,0.232345
1621674188,0.232345
1621674189,0.232345
1621674190,0.232345
1621674191,0.232345
1621674192,0.232345
1621674193,0.232345
1621674194,0.232345
1621674195,0.232345
1621674196,0.232345
1621674197,0.232345
1621674198,0.232345
1621674199,0.232345
1621674201,0.232345
1621674202,0.232345
1621674203,0.232345
1621674204,0.232345
1621674205,0.232345
1621674206,0.232345
1621674207,0.232345
1621674208,0.232345
1621674209,0.232345
1621674210,0.232345
1621674211,0.232345
1621674212,0.232345
1621674213,0.232345
1621674214,0.232345
1621674215,0.232345
1621674216,0.232345
1621674217,0.232345
1621674218,0.232345
1621674219,0.232345
1621674220,0.232345
1621674221,0.232345
1621674222,0.232345
1621674223,0.232345
1621674224,0.232345
1621674225,0.232345
1621674227,0.232345
1621674228,0.232345
1621674229,0.232345
1621674230,0.232345
1621674231,0.232345
1621674232,0.232345
1621674233,0.232345
1621674234,0.232345
1621674235,0.232345
1621674236,0.232345
1621674237,0.232345
1621674238,0.232345
1621674239,0.232345
1621674240,0.232345
1621674241,0.232345
1621674242,0.232345
1621674243,0.232345
1621674244,0.232345
1621674245,0.232345
1621674246,0.232345
1621674247,0.232345
1621674248,0.232345
1621674249,0.232345
1621674250,0.232345
1621674251,0.232345
1621674252,0.232345
1621674253,0.232345
1621674255,0.232345
1621674256,0.232345
1621674257,0.232345
1621674258,0.232345
1621674259,0.232345
1621674260,0.232345
1621674261,0.232345
1621674262,0.232345
1621674263,0.232345
1621674264,0.232345
1621674265,0.232345
1621674266,0.232345
1621674267,0.232345
1621674268,0.232345
1621674269,0.232345
1621674270,0.232345
1621674271,0.232345
1621674272,0.232345
1621674273,0.232345
1621674275,0.232345
1621674276,0.232345
1621674277,0.232345
1621674278,0.232345
1621674279,0.232345
1621674280,0.232345
1621674281,0.232345
1621674282,0.232345
1621674283,0.232345
1621674284,0.232345
1621674285,0.232345
1621674286,0.232345
1621674287,0.232345
1621674288,0.232345
1621674289,0.232345
1621674290,0.232345
1621674291,0.232345
1621674292,0.232345
1621674293,0.232345
1621674294,0.232345
1621674295,0.232345
1621674296,0.232345
1621674298,0.232345
1621674299,0.232345
1621674300,0.232345
1621674301,0.018003842
1621674302,0.018005278
1621674303,0.018007063
1621674304,0.018008369
1621674305,0.018009718
1621674306,0.018011285
1621674307,0.018012939
1621674308,0.018014636
1621674309,0.018015681
1621674310,0.018016507
1621674311,0.018017509
1621674312,0.018018684
1621674313,0.018019859
1621674314,0.018021034
1621674315,0.018022514
1621674316,0.018023732
1621674317,0.018026605
1621674318,0.01802778
1621674319,0.018028781
1621674320,0.018029695
1621674321,0.018031088
1621674322,0.018032306
1621674323,0.018033351
1621674324,0.0180347
1621674325,0.018036049
1621674327,0.018037224
1621674328,0.01803853
1621674329,0.018039357
1621674330,0.018040445
1621674331,0.018041794
1621674332,0.018043274
1621674333,0.018044623
1621674334,0.018046015
1621674335,0.018046842
1621674336,0.018048235
1621674337,0.018050019
1621674338,0.018051325
1621674339,0.018052718
1621674340,0.018054023
1621674341,0.018055546
1621674342,0.018058114
1621674343,0.01805942
1621674344,0.018060508
1621674345,0.018061726
1621674346,0.242323
1621674347,0.242323
1621674348,0.242323
1621674349,0.242323
1621674350,0.242323
1621674352,0.242323
1621674353,0.242323
1621674354,0.242323
1621674355,0.242323
1621674356,0.242323
1621674357,0.242323
1621674358,0.242323
1621674359,0.242323
1621674360,0.242323
1621674361,0.242323
1621674362,0.242323
1621674363,0.242323
1621674364,0.242323
1621674365,0.242323
1621674366,0.242323
1621674367,0.242323
1621674368,0.242323
1621674369,0.242323
1621674370,0.242323
1621674371,0.242323
1621674372,0.242323
1621674373,0.242323
1621674374,0.242323
1621674375,0.242323
1621674376,0.242323
1621674378,0.242323
1621674379,0.242323
1621674380,0.242323
1621674381,0.242323
1621674382,0.242323
1621674383,0.242323
1621674384,0.242323
1621674385,0.242323
1621674386,0.242323
1621674387,0.242323
1621674388,0.242323
1621674389,0.242323
1621674390,0.242323
1621674391,0.242323
1621674392,0.242323
1621674393,0.242323
1621674394,0.242323
1621674395,0.242323
1621674396,0.242323
1621674397,0.242323
1621674398,0.242323
1621674399,0.242323
1621674401,0.242323
1621674402,0.242323
1621674403,0.242323
1621674404,0.242323
1621674405,0.242323
1621674406,0.242323
1621674407,0.242323
1621674408,0.242323
1621674409,0.242323
1621674410,0.242323
1621674411,0.242323
1621674412,0.242323
1621674413,0.242323
1621674414,0.242323
1621674415,0.242323
1621674416,0.242323
1621674417,0.242323
1621674418,0.242323
1621674419,0.242323
1621674420,0.242323
1621674421,0.242323
1621674422,0.242323
1621674424,0.242323
1621674425,0.242323
1621674426,0.242323
1621674427,0.242323
1621674428,0.242323
1621674429,0.242323
1621674430,0.242323
1621674431,0.242323
1621674432,0.242323
1621674433,0.242323
1621674434,0.242323
1621674435,0.242323
1621674436,0.242323
1621674437,0.242323
1621674438,0.01817643
1621674439,0.018177517
1621674440,0.018178953
1621674441,0.01817991
1621674442,0.018180824
1621674444,0.018182086
1621674445,0.01818313
1621674446,0.018184087
1621674447,0.018185305
1621674448,0.018186611
1621674449,0.018187655
1621674450,0.018188655
1621674451,0.018189656
1621674452,0.018190874
1621674453,0.018192049
1621674454,0.018193615
1621674455,0.018194616
1621674456,0.018196052
1621674457,0.018197313
1621674458,0.018198793
1621674459,0.018199619
1621674460,0.018200881
1621674461,0.018203361
1621674462,0.018204666
1621674463,0.018205928
1621674464,0.018207059
1621674465,0.018208582
1621674467,0.0182098
1621674468,0.018210931
1621674469,0.018211975
1621674470,0.018213454
1621674471,0.018215021
1621674472,0.018216413
1621674473,0.018217457
1621674474,0.018218762
1621674475,0.018220415
1621674476,0.018222112
1621674477,0.018223156
1621674478,0.018224505
1621674479,0.018225723
1621674480,0.018226854
1621674481,0.018228203
1621674482,0.018229377
1621674483,0.018230508
1621674484,0.018232684
1621674485,0.018233684
1621674486,0.018234902
1621674487,0.01823599
1621674488,0.018237382
1621674490,0.018238687
1621674491,0.018240514
1621674492,0.018241863
1621674493,0.01824295
1621674494,0.018244125
1621674495,0.018245474
1621674496,0.018246561
1621674497,0.018247953
1621674498,0.018249084
1621674499,0.018250172
1621674500,0.018251303
1621674501,0.018252434
1621674502,0.018253739
1621674503,0.018256523
1621674504,0.018257698
1621674505,0.018258916
1621674506,0.018260221
1621674507,0.018261569
1621674508,0.018262831
1621674510,0.018263919
1621674511,0.3442424
1621674512,0.3442424
1621674513,0.3442424
1621674514,0.3442424
1621674515,0.3442424
1621674516,0.3442424
1621674517,0.3442424
1621674518,0.3442424
1621674519,0.3442424
1621674520,0.3442424
1621674521,0.3442424
1621674522,0.3442424
1621674523,0.3442424
1621674524,0.3442424
1621674525,0.3442424
1621674526,0.3442424
1621674527,0.3442424
1621674528,0.3442424
1621674529,0.3442424
1621674530,0.3442424
1621674532,0.3442424
1621674533,0.3442424
1621674534,0.3442424
1621674535,0.3442424
1621674536,0.3442424
1621674537,0.3442424
1621674538,0.3442424
1621674539,0.3442424
1621674540,0.3442424
1621674541,0.3442424
1621674542,0.3442424
1621674543,0.3442424
1621674544,0.3442424
1621674545,0.3442424
1621674546,0.3442424
1621674547,0.3442424
1621674548,0.3442424
1621674549,0.3442424
1621674550,0.3442424
1621674551,0.3442424
1621674552,0.3442424
1621674553,0.3442424
1621674555,0.3442424
1621674556,0.3442424
1621674557,0.3442424
1621674558,0.3442424
1621674559,0.3442424
1621674560,0.3442424
1621674561,0.3442424
1621674562,0.3442424
1621674563,0.3442424
1621674564,0.3442424
1621674565,0.3442424
1621674566,0.3442424
1621674567,0.3442424
1621674568,0.3442424
1621674569,0.3442424
1621674570,0.3442424
1621674571,0.3442424
1621674572,0.3442424
1621674573,0.3442424
1621674575,0.3442424
1621674576,0.3442424
1621674577,0.3442424
1621674578,0.3442424
1621674579,0.3442424
1621674580,0.3442424
1621674581,0.3442424
1621674582,0.3442424
1621674583,0.3442424
1621674584,0.3442424
1621674585,0.3442424
1621674586,0.3442424
1621674587,0.3442424
1621674588,0.3442424
1621674589,0.3442424
1621674590,0.3442424
1621674591,0.3442424
1621674592,0.3442424
1621674593,0.3442424
1621674594,0.3442424
1621674595,0.3442424
1621674597,0.3442424
1621674598,0.3442424
1621674599,0.3442424
1621674600,0.3442424
1621674601,0.3442424
1621674602,0.3442424
1621674603,0.3442424
1621674604,0.3442424
1621674605,0.3442424
1621674606,0.3442424
1621674607,0.3442424
1621674608,0.3442424
1621674609,0.3442424
1621674610,0.3442424
1621674611,0.3442424
1621674612,0.3442424
1621674613,0.3442424
1621674614,0.3442424
1621674615,0.3442424
1621674616,0.3442424
1621674617,0.3442424
1621674619,0.3442424
1621674620,0.3442424
1621674621,0.3442424
1621674622,0.3442424
1621674623,0.3442424
1621674624,0.3442424
1621674625,0.3442424
1621674626,0.3442424
1621674627,0.3442424
1621674628,0.3442424
1621674629,0.3442424
1621674630,0.3442424
1621674631,0.3442424
1621674632,0.3442424
1621674633,0.3442424
1621674634,0.3442424
1621674635,0.3442424
1621674636,0.3442424
1621674637,0.3442424
1621674638,0.3442424
1621674640,0.3442424
1621674641,0.3442424
1621674642,0.3442424
1621674643,0.3442424
1621674644,0.3442424
1621674645,0.3442424
1621674646,0.3442424
1621674647,0.3442424
1621674648,0.3442424
1621674649,0.3442424
1621674650,0.3442424
1621674651,0.3442424
1621674652,0.3442424
1621674653,0.3442424
1621674654,0.3442424
1621674655,0.3442424
1621674656,0.3442424
1621674657,0.3442424
1621674658,0.3442424
1621674659,0.3442424
1621674660,0.3442424
1621674661,0.3442424
1621674662,0.3442424
1621674663,0.3442424
1621674665,0.3442424
1621674666,0.3442424
1621674667,0.3442424
1621674668,0.3442424
1621674669,0.3442424
1621674670,0.3442424
1621674671,0.3442424
1621674672,0.3442424
1621674673,0.3442424
1621674674,0.3442424
1621674675,0.3442424
1621674676,0.3442424
1621674677,0.3442424
1621674678,0.3442424
1621674679,0.3442424
1621674680,0.3442424
1621674681,0.3442424
1621674682,0.3442424
1621674683,0.3442424
1621674685,0.3442424
1621674686,0.3442424
1621674687,0.3442424
1621674688,0.3442424
1621674689,0.3442424
1621674690,0.3442424
1621674691,0.3442424
1621674692,0.3442424
1621674693,0.3442424
1621674694,0.3442424
1621674695,0.3442424
1621674696,0.3442424
1621674697,0.3442424
1621674698,0.3442424
1621674699,0.3442424
1621674700,0.3442424
1621674701,0.3442424
1621674702,0.3442424
1621674703,0.3442424
1621674704,0.3442424
1621674705,0.3442424
1621674706,0.3442424
1621674708,0.3442424
1621674709,0.3442424
1621674710,0.3442424
1621674711,0.3442424
1621674712,0.3442424
1621674713,0.3442424
1621674714,0.3442424
1621674715,0.3442424
1621674716,0.3442424
1621674717,0.3442424
1621674718,0.3442424
1621674719,0.3442424
1621674720,0.3442424
1621674721,0.3442424
1621674722,0.3442424
1621674723,0.3442424
1621674724,0.3442424
1621674725,0.3442424
1621674726,0.3442424
1621674728,0.3442424
1621674729,0.3442424
1621674730,0.3442424
1621674731,0.3442424
1621674732,0.3442424
1621674733,0.3442424
1621674734,0.3442424
1621674735,0.3442424
1621674736,0.3442424
1621674737,0.3442424
1621674738,0.3442424
1621674739,0.3442424
1621674740,0.3442424
1621674741,0.3442424
1621674742,0.3442424
1621674743,0.3442424
1621674744,0.3442424
1621674745,0.3442424
1621674746,0.3442424
1621674747,0.3442424
1621674748,0.3442424
1621674749,0.3442424
1621674750,0.3442424
1621674752,0.3442424
1621674753,0.3442424
1621674754,0.3442424
1621674755,0.3442424
1621674756,0.3442424
1621674757,0.3442424
1621674758,0.3442424
1621674759,0.3442424
1621674760,0.3442424
1621674761,0.3442424
1621674762,0.3442424
1621674763,0.3442424
1621674764,0.3442424
1621674765,0.3442424
1621674766,0.3442424
1621674767,0.3442424
1621674768,0.3442424
1621674769,0.3442424
1621674770,0.3442424
1621674771,0.3442424
1621674772,0.3442424
1621674773,0.3442424
1621674774,0.3442424
1621674775,0.3442424
1621674777,0.3442424
1621674778,0.3442424
1621674779,0.3442424
1621674780,0.3442424
1621674781,0.3442424
1621674782,0.3442424
1621674783,0.3442424
1621674784,0.3442424
1621674785,0.3442424
1621674786,0.3442424
1621674787,0.3442424
1621674788,0.3442424
1621674789,0.3442424
1621674790,0.3442424
1621674791,0.3442424
1621674792,0.3442424
1621674793,0.3442424
1621674794,0.3442424
1621674795,0.3442424
1621674796,0.3442424
1621674798,0.3442424
1621674799,0.3442424
1621674800,0.3442424
1621674801,0.3442424
1621674802,0.3442424
1621674803,0.3442424
1621674804,0.3442424
1621674805,0.3442424
1621674806,0.3442424
1621674807,0.3442424
1621674808,0.3442424
1621674809,0.3442424
1621674810,0.3442424
1621674811,0.3442424
1621674812,0.3442424
1621674813,0.3442424
1621674814,0.3442424
1621674815,0.3442424
1621674816,0.3442424
1621674817,0.3442424
1621674818,0.3442424
1621674819,0.3442424
1621674820,0.3442424
1621674822,0.3442424
1621674823,0.3442424
1621674824,0.3442424
1621674825,0.3442424
1621674826,0.3442424
1621674827,0.3442424
1621674828,0.3442424
1621674829,0.3442424
1621674830,0.3442424
1621674831,0.3442424
1621674832,0.3442424
1621674833,0.3442424
1621674834,0.3442424
1621674835,0.3442424
1621674836,0.3442424
1621674837,0.3442424
1621674838,0.3442424
1621674839,0.3442424
1621674840,0.3442424
1621674841,0.3442424
1621674842,0.3442424
1621674843,0.3442424
1621674844,0.3442424
1621674846,0.3442424
1621674847,0.3442424
1621674848,0.3442424
1621674849,0.3442424
1621674850,0.3442424
1621674851,0.3442424
1621674852,0.3442424
1621674853,0.3442424
1621674854,0.3442424
1621674855,0.3442424
1621674856,0.3442424
1621674857,0.3442424
1621674858,0.3442424
1621674859,0.3442424
1621674860,0.3442424
1621674861,0.3442424
1621674862,0.3442424
1621674863,0.3442424
1621674864,0.3442424
1621674865,0.3442424
1621674866,0.3442424
1621674868,0.3442424
1621674869,0.3442424
1621674870,0.3442424
1621674871,0.3442424
1621674872,0.3442424
1621674873,0.3442424
1621674874,0.3442424
1621674875,0.3442424
1621674876,0.3442424
1621674877,0.3442424
1621674878,0.3442424
1621674879,0.3442424
1621674880,0.3442424
1621674881,0.3442424
1621674882,0.3442424
1621674883,0.3442424
1621674884,0.3442424
1621674885,0.3442424
1621674886,0.3442424
1621674887,0.3442424
1621674888,0.3442424
1621674890,0.3442424
1621674891,0.3442424
1621674892,0.3442424
1621674893,0.3442424
1621674894,0.3442424
1621674895,0.3442424
1621674896,0.3442424
1621674897,0.3442424
1621674898,0.3442424
1621674899,0.3442424
1621674900,0.3442424
1621674901,0.3442424
1621674902,0.3442424
1621674903,0.3442424
1621674904,0.3442424
1621674905,0.3442424
1621674906,0.3442424
1621674907,0.3442424
1621674908,0.3442424
1621674909,0.3442424
1621674910,0.3442424
1621674911,0.3442424
1621674912,0.3442424
1621674914,0.3442424
1621674915,0.3442424
1621674916,0.3442424
1621674917,0.3442424
1621674918,0.3442424
1621674919,0.3442424
1621674920,0.3442424
1621674921,0.3442424
1621674922,0.3442424
1621674923,0.3442424
1621674924,0.3442424
1621674925,0.3442424
1621674926,0.3442424
1621674927,0.3442424
1621674928,0.3442424
1621674929,0.3442424
1621674930,0.3442424
1621674931,0.3442424
1621674932,0.3442424
1621674933,0.3442424
1621674934,0.3442424
1621674936,0.3442424
1621674937,0.3442424
1621674938,0.3442424
1621674939,0.3442424
1621674940,0.3442424
1621674941,0.3442424
1621674942,0.3442424
1621674943,0.3442424
1621674944,0.3442424
1621674945,0.3442424
1621674946,0.3442424
1621674947,0.3442424
1621674948,0.3442424
1621674949,0.3442424
1621674950,0.3442424
1621674951,0.3442424
1621674952,0.3442424
1621674953,0.3442424
1621674954,0.3442424
1621674955,0.3442424
1621674956,0.3442424
1621674958,0.3442424
1621674959,0.3442424
1621674960,0.3442424
1621674961,0.3442424
1621674962,0.3442424
1621674963,0.3442424
1621674964,0.3442424
1621674965,0.3442424
1621674966,0.3442424
1621674967,0.3442424
1621674968,0.3442424
1621674969,0.3442424
1621674970,0.3442424
1621674971,0.3442424
1621674972,0.3442424
1621674973,0.3442424
1621674974,0.3442424
1621674975,0.3442424
1621674976,0.3442424
1621674977,0.3442424
1621674978,0.3442424
1621674980,0.3442424
1621674981,0.3442424
1621674982,0.3442424
1621674983,0.3442424
1621674984,0.3442424
1621674985,0.3442424
1621674986,0.3442424
1621674987,0.3442424
1621674988,0.3442424
1621674989,0.3442424
1621674990,0.3442424
1621674991,0.3442424
1621674992,0.3442424
1621674993,0.3442424
1621674994,0.3442424
1621674995,0.3442424
1621674996,0.3442424
1621674997,0.3442424
1621674999,0.3442424
1621675000,0.3442424
1621675001,0.3442424
1621675002,0.3442424
1621675003,0.3442424
1621675004,0.3442424
1621675005,0.3442424
1621675006,0.3442424
1621675007,0.3442424
1621675008,0.3442424
1621675009,0.3442424
1621675010,0.3442424
1621675011,0.3442424
1621675012,0.3442424
1621675013,0.3442424
1621675014,0.3442424
1621675015,0.3442424
1621675016,0.3442424
1621675017,0.3442424
1621675018,0.3442424
1621675020,0.3442424
1621675021,0.3442424
1621675022,0.3442424
1621675023,0.3442424
1621675024,0.3442424
1621675025,0.3442424
1621675026,0.3442424
1621675027,0.3442424
1621675028,0.3442424
1621675029,0.3442424
1621675030,0.3442424
1621675031,0.3442424
1621675032,0.3442424
1621675033,0.3442424
1621675034,0.3442424
1621675035,0.3442424
1621675036,0.3442424
1621675037,0.018938941
1621675038,0.018940418
1621675039,0.018941851
1621675041,0.018942981
1621675042,0.018944327
1621675043,0.018945413
1621675044,0.018946239
1621675045,0.018947151
1621675046,0.018948672
1621675047,0.018950018
1621675048,0.018951017
1621675049,0.01895219
1621675050,0.01895332
1621675051,0.018954319
1621675052,0.018955405
1621675053,0.018956665
1621675054,0.018957968
1621675055,0.018959488
1621675056,0.018962008
1621675057,0.018963702
1621675058,0.018965048
1621675059,0.018966048
1621675060,0.018967524
1621675061,0.018968784
1621675063,0.018969914
1621675064,0.018971
1621675065,0.018972259
1621675066,0.018973649
1621675067,0.018974952
1621675068,0.018976082
1621675069,0.018977255
1621675070,0.018978471
1621675071,0.018980035
1621675072,0.018981251
1621675073,0.01898238
1621675074,0.01898364
1621675075,0.018984813
1621675076,0.018986116
1621675077,0.01898907
1621675078,0.018989895
1621675079,0.018990981
1621675080,0.018992154
1621675082,0.018993283
1621675083,0.018994456
1621675084,0.018995759
1621675085,0.018996845
1621675086,0.018998235
1621675087,0.018999277
1621675088,0.019000928
1621675089,0.019002274
1621675090,0.019003273
1621675091,0.019004533
1621675092,0.01900614
1621675093,0.019007356
1621675094,0.019008659
1621675095,0.019009702
1621675096,0.019010788
1621675097,0.0190117
1621675098,0.019014045
1621675099,0.019015305
1621675100,0.019016608
1621675101,0.019018128
1621675102,0.019019258
1621675103,0.0190203
1621675104,0.01902169
1621675106,0.019023167
1621675107,0.01902447
1621675108,0.019025686
1621675109,0.019026859
1621675110,0.019028292
1621675111,0.019029465
1621675112,0.019030985
1621675113,0.01903194
1621675114,0.019032809
1621675115,0.019033808
1621675116,0.019034763
1621675117,0.019036023
1621675118,0.019036892
1621675119,0.019038108
1621675120,0.019040106
1621675121,0.019041365
1621675122,0.019043016
1621675123,0.019044145
1621675124,0.0190451
1621675125,0.019046012
1621675127,0.019047229
1621675128,0.019048445
1621675129,0.019049574
1621675130,0.019050616
1621675131,0.019051963
1621675132,0.019053092
1621675133,0.019054091
1621675134,0.019055307
1621675135,0.019056436
1621675136,0.019057609
1621675137,0.019058781
1621675138,0.019059737
1621675139,0.019060823
1621675140,0.019061778
1621675141,0.019063255
1621675142,0.019065991
1621675143,0.019067337
1621675144,0.01906851
1621675145,0.019069682
1621675146,0.019070985
1621675147,0.019072245
1621675148,0.019073678
1621675150,0.019075241
1621675151,0.019076284
1621675152,0.019077109
1621675153,0.019078368
1621675154,0.019079715
1621675155,0.019080844
1621675156,0.019082147
1621675157,0.019083493
1621675158,0.019084579
1621675159,0.019085925
1621675160,0.019087141
1621675161,0.01908801
1621675162,0.019089269
1621675163,0.019090528
1621675164,0.019092309
1621675165,0.019093395
1621675166,0.019094611
1621675167,0.019095696
1621675168,0.019096739
1621675169,0.019097607
1621675171,0.019098997
1621675172,0.019100213
1621675173,0.019101125
1621675174,0.019102471
1621675175,0.019103643
1621675176,0.019104859
1621675177,0.019106032
1621675178,0.019106987
1621675179,0.019108377
1621675180,0.019109506
1621675181,0.019110765
1621675182,0.019112068
1621675183,0.019113024
1621675184,0.019114022
1621675185,0.019115369
1621675186,0.019118061
1621675187,0.019119755
1621675188,0.019120753
1621675189,0.019121969
1621675190,0.019123402
1621675192,0.019124705
1621675193,0.019125747
1621675194,0.019127354
1621675195,0.0191287
1621675196,0.019129612
1621675197,0.019130958
1621675198,0.019132174
1621675199,0.019133043
1621675200,0.019134215
1621675201,0.019135301
1621675202,0.019136777
1621675203,0.019138384
1621675204,0.0191396
1621675205,0.019140729
1621675206,0.019142075
1621675207,0.019143681
1621675208,0.019144854
1621675209,0.019146895
1621675210,0.019148371
1621675211,0.0191495
1621675212,0.019150412
1621675213,0.019151758
1621675214,0.01915267
1621675216,0.01915432
1621675217,0.019155927
1621675218,0.019157186
1621675219,0.019158923
1621675220,0.019160095
1621675221,0.019161094
1621675222,0.019162483
1621675223,0.019163916
1621675224,0.019164785
1621675225,0.019165914
1621675226,0.019167216
1621675227,0.019168562
1621675228,0.019169778
1621675229,0.019170951
1621675230,0.019173556
1621675231,0.019174902
1621675232,0.019176335
1621675233,0.01917742
1621675234,0.019178766
1621675236,0.019180503
1621675237,0.019181676
1621675238,0.019182978
1621675239,0.019183977
1621675240,0.019185149
1621675241,0.019186191
1621675242,0.019187711
1621675243,0.019189448
1621675244,0.019190403
1621675245,0.019191836
1621675246,0.019193616
1621675247,0.019194918
1621675248,0.019196047
1621675249,0.019197393
1621675250,0.019198522
1621675251,0.019199781
1621675252,0.019201822
1621675253,0.019202821
1621675254,0.019203863
1621675255,0.019205209
1621675256,0.019206294
1621675257,0.019207466
1621675258,0.019208769
1621675260,0.019210158
1621675261,0.019211591
1621675262,0.019212894
1621675263,0.019213849
1621675264,0.019215151
1621675265,0.019216237
1621675266,0.019217452
1621675267,0.019218798
1621675268,0.019220274
1621675269,0.019221924
1621675270,0.01922327
1621675271,0.019224312
1621675272,0.019225441
1621675273,0.01922683
1621675274,0.019228133
1621675275,0.019230304
1621675276,0.019231302
1621675277,0.019232388
1621675278,0.019233907
1621675279,0.019235079
1621675280,0.019236208
1621675281,0.019237597
1621675283,0.019238639
1621675284,0.019239812
1621675285,0.019241071
1621675286,0.019242286
1621675287,0.019243024
1621675288,0.019244327
1621675289,0.019245369
1621675290,0.019246671
1621675291,0.01924793
1621675292,0.019249276
1621675293,0.019250535
1621675294,0.01925149
1621675295,0.019252489
1621675296,0.019253921
1621675297,0.019256483
1621675298,0.019257872
1621675299,0.019259478
1621675300,0.019261171
1621675301,0.01926217
1621675302,0.019263298
1621675304,0.019264254
1621675305,0.019265556
1621675306,0.019266685
1621675307,0.019267596
1621675308,0.019268899
1621675309,0.019269767
1621675310,0.019270635
1621675311,0.019271851
1621675312,0.019273066
1621675313,0.019273804
1621675314,0.019274759
1621675315,0.019276452
1621675316,0.019277277
1621675317,0.019280012
1621675318,0.019280012
1621675319,0.0192824
1621675320,0.019283659
1621675321,0.019284831
1621675322,0.019285829
1621675323,0.019287132
1621675325,0.019288434
1621675326,0.019289259
1621675327,0.019290474
1621675328,0.019292037
1621675329,0.019293296
1621675330,0.019294251
1621675331,0.019295162
1621675332,0.019296465
1621675333,0.019297767
1621675334,0.019298982
1621675335,0.019300241
1621675336,0.019301457
1621675337,0.01930328
1621675338,0.019305494
1621675339,0.019306753
1621675340,0.019308315
1621675341,0.019309705
1621675342,0.01931092
1621675343,0.019312049
1621675344,0.01931309
1621675346,0.019314349
1621675347,0.019315478
1621675348,0.019316433
1621675349,0.019317692
1621675350,0.019318994
1621675351,0.019320253
1621675352,0.019321425
1621675353,0.019322727
1621675354,0.019323812
1621675355,0.019325505
1621675356,0.019327068
1621675357,0.01932811
1621675358,0.019329282
1621675359,0.019330584
1621675360,0.019331886
1621675361,0.019333101
1621675362,0.019334056
1621675363,0.019336357
1621675364,0.019337182
1621675365,0.01933818
1621675366,0.019339612
1621675367,0.019341088
1621675368,0.019342217
1621675369,0.019343041
1621675371,0.019344778
1621675372,0.019345993
1621675373,0.019347512
1621675374,0.019348467
1621675375,0.019349899
1621675376,0.019351549
1621675377,0.019352981
1621675378,0.019353979
1621675379,0.019355238
1621675380,0.019356757
1621675381,0.019357973
1621675382,0.019359535
1621675383,0.01936049
1621675384,0.019361358
1621675385,0.0193624
1621675386,0.019365091
1621675387,0.019365829
1621675388,0.019366871
1621675389,0.019368129
1621675390,0.019369214
1621675392,0.019370473
1621675393,0.019371732
1621675394,0.01937273
1621675395,0.019374075
1621675396,0.019375247
1621675397,0.019376246
1621675398,0.019377808
1621675399,0.019378546
1621675400,0.019379588
1621675401,0.019381714
1621675402,0.019382973
1621675403,0.019383928
1621675404,0.01938497
1621675405,0.019386011
1621675407,0.019387704
1621675408,0.019388572
1621675409,0.01938957
1621675410,0.019390699
1621675411,0.01939174
1621675412,0.019393172
1621675413,0.019394778
1621675414,0.019395994
1621675415,0.019397426
1621675416,0.019398641
1621675417,0.019399683
1621675418,0.019400681
1621675419,0.01940207
1621675420,0.019403285
1621675421,0.0194045
1621675422,0.019406713
1621675423,0.019407798
1621675424,0.019409057
1621675425,0.019410229
1621675426,0.019411357
1621675427,0.019412572
1621675428,0.019413744
1621675429,0.019414569
1621675431,0.01941561
1621675432,0.019416739
1621675433,0.019417824
1621675434,0.019419126
1621675435,0.019420515
1621675436,0.019421599
1621675437,0.019422945
1621675438,0.019424507
1621675439,0.019425722
1621675440,0.019426981
1621675441,0.019428326
1621675442,0.019429411
1621675443,0.019430887
1621675444,0.019432102
1621675445,0.019434445
1621675446,0.019435574
1621675447,0.019436876
1621675448,0.019437787
1621675449,0.019438872
1621675450,0.01943974
1621675452,0.019440998
1621675453,0.019442213
1621675454,0.019443342
1621675455,0.019444297
1621675456,0.019445295
1621675457,0.01944664
1621675458,0.019448115
1621675459,0.019449027
1621675460,0.234534534
1621675461,0.234534534
1621675462,0.234534534
1621675463,0.234534534
1621675464,0.234534534
1621675465,0.234534534
1621675466,0.234534534
1621675467,0.234534534
1621675468,0.234534534
1621675469,0.234534534
1621675470,0.234534534
1621675471,0.234534534
1621675472,0.234534534
1621675473,0.234534534
1621675475,0.234534534
1621675476,0.234534534
1621675477,0.234534534
1621675478,0.234534534
1621675479,0.234534534
1621675480,0.234534534
1621675481,0.234534534
1621675482,0.234534534
1621675483,0.234534534
1621675484,0.234534534
1621675485,0.234534534
1621675486,0.234534534
1621675487,0.234534534
1621675488,0.234534534
1621675489,0.234534534
1621675490,0.234534534
1621675492,0.234534534
1621675493,0.234534534
1621675494,0.234534534
1621675495,0.234534534
1621675496,0.234534534
1621675497,0.234534534
1621675498,0.234534534
1621675499,0.234534534
1621675500,0.234534534
1621675501,0.234534534
1621675502,0.234534534
1621675503,0.234534534
1621675504,0.234534534
1621675505,0.234534534
1621675506,0.234534534
1621675507,0.234534534
1621675508,0.234534534
1621675509,0.234534534
1621675510,0.234534534
1621675511,0.234534534
1621675512,0.234534534
1621675513,0.234534534
1621675514,0.234534534
1621675515,0.234534534
1621675517,0.234534534
1621675518,0.234534534
1621675519,0.234534534
1621675520,0.234534534
1621675521,0.234534534
1621675522,0.234534534
1621675523,0.234534534
1621675524,0.234534534
1621675525,0.234534534
1621675526,0.234534534
1621675527,0.234534534
1621675528,0.234534534
1621675529,0.234534534
1621675530,0.234534534
1621675531,0.234534534
1621675532,0.234534534
1621675533,0.234534534
1621675534,0.234534534
1621675535,0.234534534
1621675536,0.234534534
1621675537,0.234534534
1621675539,0.234534534
1621675540,0.234534534
1621675541,0.234534534
1621675542,0.234534534
1621675543,0.234534534
1621675544,0.234534534
1621675545,0.234534534
1621675546,0.234534534
1621675547,0.234534534
1621675548,0.234534534
1621675549,0.234534534
1621675550,0.234534534
1621675551,0.234534534
1621675552,0.234534534
1621675553,0.234534534
1621675554,0.234534534
1621675555,0.234534534
1621675556,0.234534534
1621675557,0.234534534
1621675558,0.234534534
1621675559,0.234534534
1621675560,0.234534534
1621675561,0.234534534
1621675563,0.234534534
1621675564,0.234534534
1621675565,0.234534534
1621675566,0.234534534
1621675567,0.234534534
1621675568,0.234534534
1621675569,0.234534534
1621675570,0.234534534
1621675571,0.234534534
1621675572,0.234534534
1621675573,0.234534534
1621675574,0.234534534
1621675575,0.234534534
1621675576,0.234534534
1621675577,0.234534534
1621675578,0.234534534
1621675579,0.234534534
1621675580,0.234534534
1621675581,0.234534534
1621675582,0.234534534
1621675584,0.234534534
1621675585,0.234534534
1621675586,0.234534534
1621675587,0.234534534
1621675588,0.234534534
1621675589,0.234534534
1621675590,0.234534534
1621675591,0.234534534
1621675592,0.234534534
1621675593,0.234534534
1621675594,0.234534534
1621675595,0.234534534
1621675596,0.234534534
1621675597,0.234534534
1621675598,0.234534534
1621675599,0.234534534
1621675600,0.234534534
1621675601,0.234534534
1621675602,0.234534534
1621675603,0.234534534
1621675604,0.234534534
1621675605,0.234534534
1621675607,0.234534534
1621675608,0.234534534
1621675609,0.234534534
1621675610,0.234534534
1621675611,0.234534534
1621675612,0.234534534
1621675613,0.234534534
1621675614,0.234534534
1621675615,0.234534534
1621675616,0.234534534
1621675617,0.234534534
1621675618,0.234534534
1621675619,0.234534534
1621675620,0.234534534
1621675621,0.234534534
1621675622,0.234534534
1621675623,0.234534534
1621675624,0.234534534
1621675625,0.234534534
1621675626,0.234534534
1621675627,0.234534534
1621675629,0.234534534
1621675630,0.234534534
1621675631,0.234534534
1621675632,0.234534534
1621675633,0.234534534
1621675634,0.234534534
1621675635,0.234534534
1621675636,0.234534534
1621675637,0.234534534
1621675638,0.234534534
1621675639,0.234534534
1621675640,0.234534534
1621675641,0.234534534
1621675642,0.234534534
1621675643,0.234534534
1621675644,0.234534534
1621675645,0.234534534
1621675646,0.234534534
1621675647,0.234534534
1621675648,0.234534534
1621675649,0.234534534
1621675650,0.234534534
1621675651,0.234534534
1621675652,0.234534534
1621675653,0.234534534
1621675654,0.234534534
1621675656,0.234534534
1621675657,0.234534534
1621675658,0.234534534
1621675659,0.234534534
1621675660,0.234534534
1621675661,0.234534534
1621675662,0.234534534
1621675663,0.234534534
1621675664,0.234534534
1621675665,0.234534534
1621675666,0.234534534
1621675667,0.234534534
1621675668,0.234534534
1621675669,0.234534534
1621675670,0.234534534
1621675671,0.234534534
1621675672,0.234534534
1621675673,0.234534534
1621675674,0.234534534
1621675675,0.234534534
1621675676,0.234534534
1621675677,0.234534534
1621675678,0.234534534
1621675679,0.234534534
1621675680,0.234534534
1621675681,0.234534534
1621675682,0.234534534
1621675684,0.234534534
1621675685,0.234534534
1621675686,0.234534534
1621675687,0.234534534
1621675688,0.234534534
1621675689,0.234534534
1621675690,0.234534534
1621675691,0.234534534
1621675692,0.234534534
1621675693,0.234534534
1621675694,0.234534534
1621675695,0.234534534
1621675696,0.234534534
1621675697,0.234534534
1621675698,0.234534534
1621675699,0.234534534
1621675700,0.234534534
1621675701,0.234534534
1621675702,0.234534534
1621675703,0.234534534
1621675704,0.234534534
1621675705,0.234534534
1621675706,0.234534534
1621675707,0.234534534
1621675708,0.234534534
1621675709,0.234534534
1621675711,0.234534534
1621675712,0.234534534
1621675713,0.234534534
1621675714,0.234534534
1621675715,0.234534534
1621675716,0.234534534
1621675717,0.234534534
1621675718,0.234534534
1621675719,0.234534534
1621675720,0.234534534
1621675721,0.234534534
1621675722,0.234534534
1621675723,0.234534534
1621675724,0.234534534
1621675725,0.234534534
1621675726,0.234534534
1621675727,0.234534534
1621675728,0.234534534
1621675729,0.234534534
1621675730,0.234534534
1621675731,0.234534534
1621675732,0.234534534
1621675733,0.234534534
1621675734,0.234534534
1621675735,0.234534534
1621675736,0.234534534
1621675738,0.234534534
1621675739,0.234534534
1621675740,0.234534534
1621675741,0.234534534
1621675742,0.234534534
1621675743,0.234534534
1621675744,0.234534534
1621675745,0.234534534
1621675746,0.234534534
1621675747,0.234534534
1621675748,0.234534534
1621675749,0.234534534
1621675750,0.234534534
1621675751,0.234534534
1621675752,0.234534534
1621675753,0.234534534
1621675754,0.234534534
1621675755,0.234534534
1621675756,0.234534534
1621675757,0.234534534
1621675758,0.234534534
1621675759,0.234534534
1621675760,0.234534534
1621675761,0.234534534
1621675762,0.234534534
1621675763,0.234534534
1621675764,0.234534534
1621675766,0.234534534
1621675767,0.234534534
1621675768,0.234534534
1621675769,0.234534534
1621675770,0.234534534
1621675771,0.234534534
1621675772,0.234534534
1621675773,0.234534534
1621675774,0.234534534
1621675775,0.234534534
1621675776,0.234534534
1621675777,0.234534534
1621675778,0.234534534
1621675779,0.234534534
1621675780,0.234534534
1621675781,0.234534534
1621675782,0.234534534
1621675783,0.234534534
1621675784,0.234534534
1621675785,0.234534534
1621675786,0.234534534
1621675787,0.234534534
1621675788,0.234534534
1621675789,0.234534534
1621675790,0.234534534
1621675791,0.234534534
1621675793,0.234534534
1621675794,0.234534534
1621675795,0.234534534
1621675796,0.234534534
1621675797,0.234534534
1621675798,0.234534534
1621675799,0.234534534
1621675800,0.234534534
1621675801,0.234534534
1621675802,0.234534534
1621675803,0.234534534
1621675804,0.234534534
1621675805,0.234534534
1621675806,0.234534534
1621675807,0.234534534
1621675808,0.234534534
1621675809,0.234534534
1621675810,0.234534534
1621675811,0.234534534
1621675812,0.234534534
1621675813,0.234534534
1621675814,0.234534534
1621675815,0.234534534
1621675816,0.234534534
1621675817,0.234534534
1621675818,0.234534534
1621675820,0.234534534
1621675821,0.234534534
1621675822,0.234534534
1621675823,0.234534534
1621675824,0.234534534
1621675825,0.234534534
1621675826,0.234534534
1621675827,0.234534534
1621675828,0.234534534
1621675829,0.234534534
1621675830,0.234534534
1621675831,0.234534534
1621675832,0.234534534
1621675833,0.234534534
1621675834,0.234534534
1621675835,0.234534534
1621675836,0.234534534
1621675837,0.234534534
1621675838,0.234534534
1621675839,0.234534534
1621675840,0.234534534
1621675841,0.234534534
1621675842,0.234534534
1621675843,0.234534534
1621675844,0.234534534
1621675845,0.234534534
1621675847,0.234534534
1621675848,0.234534534
1621675849,0.234534534
1621675850,0.234534534
1621675851,0.234534534
1621675852,0.234534534
1621675853,0.234534534
1621675854,0.234534534
1621675855,0.234534534
1621675856,0.234534534
1621675857,0.234534534
1621675858,0.234534534
1621675859,0.234534534
1621675860,0.234534534
1621675861,0.234534534
1621675862,0.234534534
1621675863,0.234534534
1621675864,0.234534534
1621675865,0.234534534
1621675866,0.234534534
1621675867,0.234534534
1621675868,0.234534534
1621675869,0.234534534
1621675870,0.234534534
1621675871,0.234534534
1621675872,0.234534534
1621675873,0.234534534
1621675875,0.234534534
1621675876,0.234534534
1621675877,0.234534534
1621675878,0.234534534
1621675879,0.234534534
1621675880,0.234534534
1621675881,0.234534534
1621675882,0.234534534
1621675883,0.234534534
1621675884,0.234534534
1621675885,0.234534534
1621675886,0.234534534
1621675887,0.234534534
1621675888,0.234534534
1621675889,0.234534534
1621675890,0.234534534
1621675891,0.234534534
1621675892,0.234534534
1621675893,0.234534534
1621675894,0.234534534
1621675895,0.234534534
1621675896,0.234534534
1621675897,0.234534534
1621675898,0.234534534
1621675899,0.234534534
1621675900,0.234534534
1621675902,0.234534534
1621675903,0.234534534
1621675904,0.234534534
1621675905,0.234534534
1621675906,0.234534534
1621675907,0.234534534
1621675908,0.234534534
1621675909,0.234534534
1621675910,0.234534534
1621675911,0.234534534
1621675912,0.234534534
1621675913,0.234534534
1621675914,0.234534534
1621675915,0.234534534
1621675916,0.234534534
1621675917,0.234534534
1621675918,0.234534534
1621675919,0.234534534
1621675920,0.234534534
1621675921,0.234534534
1621675922,0.234534534
1621675923,0.234534534
1621675924,0.234534534
1621675925,0.234534534
1621675926,0.234534534
1621675928,0.234534534
1621675929,0.234534534
1621675930,0.234534534
1621675931,0.234534534
1621675932,0.234534534
1621675933,0.234534534
1621675934,0.234534534
1621675935,0.234534534
1621675936,0.234534534
1621675937,0.234534534
1621675938,0.234534534
1621675939,0.234534534
1621675940,0.234534534
1621675941,0.234534534
1621675942,0.234534534
1621675943,0.234534534
1621675944,0.234534534
1621675945,0.234534534
1621675946,0.234534534
1621675947,0.234534534
1621675948,0.234534534
1621675949,0.234534534
1621675950,0.234534534
1621675951,0.234534534
1621675952,0.234534534
1621675953,0.234534534
1621675955,0.234534534
1621675956,0.234534534
1621675957,0.234534534
1621675958,0.234534534
1621675959,0.234534534
1621675960,0.234534534
1621675961,0.234534534
1621675962,0.234534534
1621675963,0.234534534
1621675964,0.234534534
1621675965,0.234534534
1621675966,0.234534534
1621675967,0.234534534
1621675968,0.234534534
1621675969,0.234534534
1621675970,0.234534534
1621675971,0.234534534
1621675972,0.234534534
1621675973,0.234534534
1621675974,0.234534534
1621675975,0.234534534
1621675976,0.234534534
1621675977,0.234534534
1621675978,0.234534534
1621675979,0.234534534
1621675981,0.234534534
1621675982,0.234534534
1621675983,0.234534534
1621675984,0.234534534
1621675985,0.234534534
1621675986,0.234534534
1621675987,0.234534534
1621675988,0.234534534
1621675989,0.234534534
1621675990,0.234534534
1621675991,0.234534534
1621675992,0.234534534
1621675993,0.234534534
1621675994,0.234534534
1621675995,0.234534534
1621675996,0.234534534
1621675997,0.234534534
1621675998,0.234534534
1621675999,0.234534534
1621676000,0.234534534
1621676001,0.234534534
1621676002,0.234534534
1621676003,0.234534534
1621676004,0.234534534
1621676005,0.234534534
1621676006,0.234534534
1621676008,0.234534534
1621676009,0.234534534
1621676010,0.234534534
1621676011,0.234534534
1621676012,0.234534534
1621676013,0.234534534
1621676014,0.234534534
1621676015,0.234534534
1621676016,0.234534534
1621676017,0.234534534
1621676018,0.234534534
1621676019,0.234534534
1621676020,0.234534534
1621676021,0.234534534
1621676022,0.234534534
1621676023,0.234534534
1621676024,0.234534534
1621676025,0.234534534
1621676026,0.234534534
1621676027,0.234534534
1621676028,0.234534534
1621676029,0.234534534
1621676030,0.234534534
1621676031,0.234534534
1621676032,0.234534534
1621676033,0.234534534
1621676035,0.234534534
1621676036,0.234534534
1621676037,0.234534534
1621676038,0.234534534
1621676039,0.234534534
1621676040,0.234534534
1621676041,0.234534534
1621676042,0.234534534
1621676043,0.234534534
1621676044,0.234534534
1621676045,0.234534534
1621676046,0.234534534
1621676047,0.234534534
1621676048,0.234534534
1621676049,0.234534534
1621676050,0.234534534
1621676051,0.234534534
1621676052,0.234534534
1621676053,0.234534534
1621676054,0.234534534
1621676055,0.234534534
1621676056,0.234534534
1621676057,0.234534534
1621676058,0.234534534
1621676059,0.234534534
1621676060,0.234534534
1621676062,0.234534534
1621676063,0.234534534
1621676064,0.234534534
1621676065,0.234534534
1621676066,0.234534534
1621676067,0.234534534
1621676068,0.234534534
1621676069,0.234534534
1621676070,0.234534534
1621676071,0.234534534
1621676072,0.234534534
1621676073,0.234534534
1621676074,0.234534534
1621676075,0.234534534
1621676076,0.234534534
1621676077,0.234534534
1621676078,0.234534534
1621676079,0.234534534
1621676080,0.234534534
1621676081,0.234534534
1621676082,0.234534534
1621676083,0.234534534
1621676084,0.234534534
1621676085,0.234534534
1621676087,0.234534534
1621676088,0.234534534
1621676089,0.234534534
1621676090,0.234534534
1621676091,0.234534534
1621676092,0.234534534
1621676093,0.234534534
1621676094,0.234534534
1621676095,0.234534534
1621676096,0.234534534
1621676097,0.234534534
1621676098,0.234534534
1621676099,0.234534534
1621676100,0.234534534
1621676101,0.234534534
1621676102,0.234534534
1621676103,0.234534534
1621676104,0.234534534
1621676105,0.234534534
1621676106,0.234534534
1621676107,0.234534534
1621676108,0.234534534
1621676109,0.234534534
1621676110,0.234534534
1621676111,0.234534534
1621676112,0.234534534
1621676114,0.234534534
1621676115,0.234534534
1621676116,0.234534534
1621676117,0.234534534
1621676118,0.234534534
1621676119,0.234534534
1621676120,0.234534534
1621676121,0.234534534
1621676122,0.234534534
1621676123,0.234534534
1621676124,0.234534534
1621676125,0.234534534
1621676126,0.234534534
1621676127,0.234534534
1621676128,0.234534534
1621676129,0.234534534
1621676130,0.234534534
1621676131,0.234534534
1621676132,0.234534534
1621676133,0.234534534
1621676134,0.234534534
1621676135,0.234534534
1621676136,0.234534534
1621676137,0.234534534
1621676138,0.234534534
1621676139,0.234534534
1621676141,0.234534534
1621676142,0.234534534
1621676143,0.234534534
1621676144,0.234534534
1621676145,0.234534534
1621676146,0.234534534
1621676147,0.234534534
1621676148,0.234534534
1621676149,0.234534534
1621676150,0.234534534
1621676151,0.234534534
1621676152,0.234534534
1621676153,0.234534534
1621676154,0.234534534
1621676155,0.234534534
1621676156,0.234534534
1621676157,0.234534534
1621676158,0.234534534
1621676159,0.234534534
1621676160,0.234534534
1621676161,0.234534534
1621676162,0.234534534
1621676163,0.234534534
1621676164,0.234534534
1621676165,0.234534534
1621676167,0.019694229
1621676168,0.019694191
1621676169,0.019694329
1621676170,0.019694286
1621676171,0.019694247
1621676172,0.01969452
1621676173,0.019694616
1621676174,0.019694706
1621676175,0.019694841
1621676176,0.019694845
1621676177,0.01969485
1621676178,0.019695295
1621676179,0.019695304
1621676180,0.01969522
1621676181,0.019695223
1621676182,0.019695226
1621676183,0.019695364
1621676184,0.019695595
1621676185,0.01969565
1621676186,0.019695611
1621676187,0.019695614
1621676188,0.019695618
1621676189,0.019695978
1621676190,0.019696296
1621676191,0.019696299
1621676192,0.019696215
1621676194,0.019696349
1621676195,0.019696397
1621676196,0.019696403
1621676197,0.019696504
1621676198,0.019696729
1621676199,0.019696734
1621676200,0.019696783
1621676201,0.019697046
1621676202,0.019697185
1621676203,0.019697413
1621676204,0.019697505
1621676205,0.019697508
1621676206,0.019697601
1621676207,0.019697604
1621676208,0.019697698
1621676209,0.019697885
1621676210,0.019697843
1621676211,0.019697802
1621676212,0.019697944
1621676213,0.019697999
1621676214,0.019698008
1621676215,0.019697968
1621676216,0.019698059
1621676217,0.019697975
1621676218,0.019698063
1621676219,0.01969807
1621676221,0.019698082
1621676222,0.019698086
1621676223,0.019698178
1621676224,0.019698183
1621676225,0.019698271
1621676226,0.019698364
1621676227,0.019698547
1621676228,0.019698642
1621676229,0.019698557
1621676230,0.019698605
1621676231,0.019698608
1621676232,0.019698567
1621676233,0.019698885
1621676234,0.019698978
1621676235,0.019698942
1621676236,0.019698989
1621676237,0.019698992
1621676238,0.01969921
1621676239,0.019699102
1621676240,0.019699104
1621676241,0.019699108
1621676242,0.019699287
1621676243,0.019699289
1621676244,0.019699608
1621676245,0.019699612
1621676247,0.019699614
1621676248,0.01969953
1621676249,0.019699532
1621676250,0.019699536
1621676251,0.019699719
1621676252,0.019699813
1621676253,0.019699818
1621676254,0.019699733
1621676255,0.019699868
1621676256,0.019699912
1621676257,0.019700142
1621676258,0.019700415
1621676259,0.019700418
1621676260,0.019700419
1621676261,0.019700338
1621676262,0.019700296
1621676263,0.019700438
1621676264,0.019700621
1621676265,0.019700712
1621676266,0.019700629
1621676267,0.01970059
1621676268,0.019700642
1621676269,0.019700647
1621676270,0.019700562
1621676271,0.019700653
1621676272,0.019700613
1621676274,0.019700838
1621676275,0.019701155
1621676276,0.01970112
1621676277,0.019701254
1621676278,0.019701213
1621676279,0.019701348
1621676280,0.01970135
1621676281,0.019701358
1621676282,0.019701542
1621676283,0.019701546
1621676284,0.019701548
1621676285,0.019701594
1621676286,0.019701596
1621676287,0.019701779
1621676288,0.019701832
1621676289,0.01970197
1621676290,0.019701973
1621676291,0.019702109
1621676292,0.019702326
1621676293,0.019702389
1621676294,0.019702393
1621676295,0.01970244
1621676296,0.019702445
1621676297,0.019702446
1621676298,0.019702626
1621676299,0.019702639
1621676301,0.019702641
1621676302,0.019702644
1621676303,0.019702648
1621676304,0.019702829
1621676305,0.019702836
1621676306,0.019702975
1621676307,0.019703066
1621676308,0.019702982
1621676309,0.019702899
1621676310,0.019702859
1621676311,0.019702864
1621676312,0.01970314
1621676313,0.019703099
1621676314,0.019703104
1621676315,0.019703105
1621676316,0.019703066
1621676317,0.019703115
1621676318,0.019703528
1621676319,0.019703487
1621676320,0.019703577
1621676321,0.019703536
1621676322,0.019703586
1621676323,0.019704082
1621676324,0.019704001
1621676325,0.019704053
1621676327,0.019703971
1621676328,0.019704062
1621676329,0.019704069
1621676330,0.019704253
1621676331,0.019704257
1621676332,0.019704261
1621676333,0.019704176
1621676334,0.019704314
1621676335,0.019704626
1621676336,0.019704766
1621676337,0.0197049
1621676338,0.019704903
1621676339,0.019704862
1621676340,0.019704777
1621676341,0.019704739
1621676342,0.019704924
1621676343,0.019705062
1621676344,0.019705065
1621676345,0.019704944
1621676346,0.019704947
1621676347,0.019705574
1621676348,0.019705533
1621676349,0.019705758
1621676350,0.019705764
1621676351,0.019705814
1621676353,0.019705777
1621676354,0.019705877
1621676355,0.019705884
1621676356,0.019706063
1621676357,0.019706066
1621676358,0.019706069
1621676359,0.019706117
1621676360,0.019706301
1621676361,0.019706265
1621676362,0.01970631
1621676363,0.019706228
1621676364,0.019706275
1621676365,0.019706321
1621676366,0.019706859
1621676367,0.019706954
1621676368,0.019706913
1621676369,0.01970696
1621676370,0.019707008
1621676371,0.019706924
1621676372,0.019707333
1621676373,0.019707425
1621676374,0.019707426
1621676375,0.019707431
1621676376,0.019707478
1621676377,0.019707665
1621676378,0.019707759
1621676379,0.019707851
1621676381,0.019708075
1621676382,0.01970812
1621676383,0.019708037
1621676384,0.019708135
1621676385,0.019708097
1621676386,0.019708145
1621676387,0.019708193
1621676388,0.019708196
1621676389,0.019708244
1621676390,0.019708386
1621676391,0.019708393
1621676392,0.019708308
1621676393,0.019708486
1621676394,0.019708488
1621676395,0.019708449
1621676396,0.019708724
1621676397,0.019709082
1621676398,0.019709265
1621676399,0.019709356
1621676400,0.019709273
1621676401,0.019709503
1621676402,0.01970951
1621676403,0.019709599
1621676404,0.019709602
1621676405,0.019709604
1621676407,0.019709652
1621676408,0.019710013
1621676409,0.019709975
1621676410,0.019709978
1621676411,0.019709894
1621676412,0.019709898
1621676413,0.019709946
1621676414,0.019710351
1621676415,0.019710271
1621676416,0.019710229
1621676417,0.019710189
1621676418,0.019710281
1621676419,0.019710195
1621676420,0.019710469
1621676421,0.019710473
1621676422,0.019710435
1621676423,0.019710568
1621676424,0.019710746
1621676425,0.019710933
1621676426,0.019710984
1621676427,0.019710901
1621676428,0.01971104
1621676429,0.019711086
1621676430,0.019711223
1621676431,0.019711495
1621676432,0.019711547
1621676434,0.019711636
1621676435,0.019711554
1621676436,0.019711514
1621676437,0.019711604
1621676438,0.019711963
1621676439,0.019712102
1621676440,0.019712107
1621676441,0.019712282
1621676442,0.019712459
1621676443,0.019712506
1621676444,0.019712823
1621676445,0.019713054
1621676446,0.019713056
1621676447,0.019713058
1621676448,0.019713018
1621676449,0.019713066
1621676450,0.01971303
1621676451,0.019713082
1621676452,0.019713135
1621676453,0.019713096
1621676454,0.019713184
1621676455,0.019713325
1621676456,0.01971364
1621676457,0.019713774
1621676458,0.019713864
1621676459,0.019714088
1621676461,0.019714046
1621676462,0.019714053
1621676463,0.019714196
1621676464,0.019714115
1621676465,0.019714073
1621676466,0.019714077
1621676467,0.01971408
1621676468,0.019714177
1621676469,0.019714405
1621676470,0.019714496
1621676471,0.019714412
1621676472,0.019714501
1621676473,0.019714418
1621676474,0.019714467
1621676475,0.019715184
1621676476,0.019715189
1621676477,0.019715148
1621676478,0.019715106
1621676479,0.019715152
1621676480,0.019715387
1621676481,0.019715521
1621676482,0.019715525
1621676483,0.019715529
1621676484,0.019715531
1621676485,0.019715623
1621676486,0.019715766
1621676488,0.019715771
1621676489,0.01971582
1621676490,0.019715734
1621676491,0.019716045
1621676492,0.019716048
1621676493,0.019716102
1621676494,0.019716107
1621676495,0.019716156
1621676496,0.019716201
1621676497,0.019716291
1621676498,0.019716294
1621676499,0.019716568
1621676500,0.019716704
1621676501,0.019716666
1621676502,0.019716668
1621676503,0.019716716
1621676504,0.019716633
1621676505,0.01971699
1621676506,0.019717086
1621676507,0.019717004
1621676508,0.019717006
1621676509,0.01971701
1621676510,0.01971737
1621676511,0.019717376
1621676512,0.019717381
1621676513,0.019717384
1621676515,0.019717518
1621676516,0.019717562
1621676517,0.01971775
1621676518,0.01971767
1621676519,0.019717717
1621676520,0.019717854
1621676521,0.019717812
1621676522,0.019717992
1621676523,0.019718309
1621676524,0.019718275
1621676525,0.019718364
1621676526,0.019718411
1621676527,0.019718545
1621676528,0.019718593
1621676529,0.019718646
1621676530,0.019718565
1621676531,0.01971857
1621676532,0.019718529
1621676533,0.01971862
1621676534,0.019718536
1621676535,0.019718811
1621676536,0.019718772
1621676537,0.019718732
1621676538,0.019718911
1621676539,0.019718915
1621676540,0.01971901
1621676542,0.019719151
1621676543,0.019719154
1621676544,0.019719245
1621676545,0.019719202
1621676546,0.019719208
1621676547,0.019719301
1621676548,0.019719355
1621676549,0.019719269
1621676550,0.019719316
1621676551,0.019719321
1621676552,0.019719367
1621676553,0.019719512
1621676554,0.019719783
1621676555,0.019719874
1621676556,0.019719789
1621676557,0.019719835
1621676558,0.019719837
1621676559,0.019720282
1621676560,0.019720292
1621676561,0.01972043
1621676562,0.01972039
1621676563,0.019720393
1621676564,0.019720357
1621676565,0.019720543
1621676566,0.019720459
1621676567,0.01972046
1621676568,0.019720464
1621676570,0.019720642
1621676571,0.019720739
1621676572,0.01972097
1621676573,0.019720928
1621676574,0.019721018
1621676575,0.01972102
1621676576,0.019720937
1621676577,0.019721164
1621676578,0.019721171
1621676579,0.019721262
1621676580,0.019721222
1621676581,0.019721136
1621676582,0.019721051
1621676583,0.019721102
1621676584,0.019721154
1621676585,0.019721199
1621676586,0.019721512
1621676587,0.019721472
1621676588,0.01972156
1621676589,0.019721708
1621676590,0.019721626
1621676591,0.019721584
1621676592,0.019721544
1621676593,0.019721502
1621676594,0.019721772
1621676595,0.019722004
1621676597,0.019721961
1621676598,0.019721965
1621676599,0.01972197
1621676600,0.01972215
1621676601,0.019722157
1621676602,0.019722167
1621676603,0.019722087
1621676604,0.019722089
1621676605,0.019722095
1621676606,0.019722099
1621676607,0.019722105
1621676608,0.019722293
1621676609,0.019722253
1621676610,0.019722386
1621676611,0.019722389
1621676612,0.019722349
1621676613,0.019722352
1621676614,0.019722496
1621676615,0.019722631
1621676616,0.019722727
1621676617,0.019722816
1621676618,0.019722995
1621676619,0.019723221
1621676620,0.019723358
1621676621,0.019723361
1621676622,0.01972332
1621676624,0.019723409
1621676625,0.019723415
1621676626,0.019723776
1621676627,0.019723957
1621676628,0.019723961
1621676629,0.019724008
1621676630,0.019723968
1621676631,0.019724016
1621676632,0.019724287
1621676633,0.019724558
1621676634,0.019724516
1621676635,0.019724562
1621676636,0.019724566
1621676637,0.019724571
1621676638,0.019724979
1621676639,0.019724983
1621676640,0.019725076
1621676641,0.01972512
1621676642,0.019725124
1621676643,0.019725311
1621676644,0.019725272
1621676645,0.019725187
1621676646,0.019725192
1621676647,0.019725239
1621676648,0.019725462
1621676650,0.019725602
1621676651,0.019725696
1621676652,0.0197257
1621676653,0.019725657
1621676654,0.019725617
1621676655,0.019725619
1621676656,0.019725894
1621676657,0.019725944
1621676658,0.019726037
1621676659,0.019726125
1621676660,0.019726044
1621676661,0.019726089
1621676662,0.0197261
1621676663,0.019726022
1621676664,0.019726287
1621676665,0.019726291
1621676666,0.01972625
1621676667,0.019726165
1621676668,0.019726222
1621676669,0.019726231
1621676670,0.019726278
1621676671,0.019726326
1621676672,0.01972633
1621676673,0.019726513
1621676674,0.019726608
1621676675,0.019726568
1621676676,0.019726703
1621676678,0.019726621
1621676679,0.019726624
1621676680,0.01972698
1621676681,0.019727209
1621676682,0.019727257
1621676683,0.01972726
1621676684,0.019727218
1621676685,0.019727222
1621676686,0.019727492
1621676687,0.019727808
1621676688,0.019727768
1621676689,0.019727728
1621676690,0.019727687
1621676691,0.019727602
1621676692,0.019727609
1621676693,0.019727749
1621676694,0.019727709
1621676695,0.019727626
1621676696,0.019727849
1621676697,0.019727941
1621676698,0.019728208
1621676699,0.019728213
1621676700,0.01972826
1621676701,0.019728176
1621676703,0.019728179
1621676704,0.019728316
1621676705,0.01972837
1621676706,0.019728462
1621676707,0.01972842
1621676708,0.01972847
1621676709,0.019728559
1621676710,0.019728609
1621676711,0.019729009
1621676712,0.019728969
1621676713,0.019729109
1621676714,0.019729197
1621676715,0.0197292
1621676716,0.019729205
1621676717,0.019729262
1621676718,0.019729178
1621676719,0.019729226
1621676720,0.019729185
1621676721,0.019729187
1621676722,0.019729638
1621676723,0.019729774
1621676724,0.019729864
1621676725,0.019729957
1621676726,0.019729874
1621676727,0.019729835
1621676728,0.019730549
1621676730,0.019730509
1621676731,0.019730555
1621676732,0.019730557
1621676733,0.019730518
1621676734,0.019730609
1621676735,0.01973075
1621676736,0.0197308
1621676737,0.01973085
1621676738,0.019730809
1621676739,0.019730986
1621676740,0.019731034
1621676741,0.019731087
1621676742,0.019731051
1621676743,0.019731009
1621676744,0.019731013
1621676745,0.019731104
1621676746,0.019731238
1621676747,0.019731294
1621676748,0.019731389
1621676749,0.019731479
1621676750,0.019731526
1621676751,0.019731487
1621676752,0.019732073
1621676753,0.019732122
1621676754,0.019732039
1621676755,0.019732128
1621676756,0.019732217
1621676758,0.01973218
1621676759,0.019732543
1621676760,0.01973277
1621676761,0.019732776
1621676762,0.019732955
1621676763,0.019732914
1621676764,0.019733008
1621676765,0.019733324
1621676766,0.019733417
1621676767,0.01973342
1621676768,0.019733467
1621676769,0.019733427
1621676770,0.019733473
1621676771,0.019733612
1621676772,0.019733575
1621676773,0.019733576
1621676774,0.019733626
1621676775,0.019733758
1621676776,0.019733949
1621676777,0.019733955
1621676778,0.019734134
1621676779,0.01973405
1621676780,0.019733968
1621676781,0.019733884
1621676782,0.019734248
1621676784,0.019734254
1621676785,0.019734213
1621676786,0.019734218
1621676787,0.019734266
1621676788,0.019734313
1621676789,0.019734494
1621676790,0.019734501
1621676791,0.019734418
1621676792,0.019734423
1621676793,0.019734426
1621676794,0.019734473
1621676795,0.019735053
1621676796,0.019734974
1621676797,0.019735019
1621676798,0.01973498
1621676799,0.01973494
1621676800,0.019734897
1621676801,0.019735479
1621676802,0.019735531
1621676803,0.019735581
1621676804,0.019735582
1621676805,0.019735586
1621676806,0.019735726
1621676807,0.019735735
1621676808,0.019735736
1621676809,0.019735694
1621676810,0.019735698
1621676812,0.019735964
1621676813,0.019736278
1621676814,0.019736462
1621676815,0.019736467
1621676816,0.019736426
1621676817,0.019736429
1621676818,0.019736433
1621676819,0.019736747
1621676820,0.019736842
1621676821,0.019736847
1621676822,0.019736979
1621676823,0.019737071
1621676824,0.01973716
1621676825,0.019737255
1621676826,0.019737352
1621676827,0.0197374
1621676828,0.019737622
1621676829,0.019737586
1621676830,0.019737725
1621676831,0.019737952
1621676832,0.019737957
1621676833,0.019737962
1621676834,0.019737878
1621676835,0.01973801
1621676836,0.019738102
1621676838,0.019738204
1621676839,0.019738207
1621676840,0.019738209
1621676841,0.019738211
1621676842,0.019738257
1621676843,0.019738176
1621676844,0.019738187
1621676845,0.019738497
1621676846,0.019738413
1621676847,0.019738504
1621676848,0.019738722
1621676849,0.019738857
1621676850,0.019738822
1621676851,0.019738826
1621676852,0.01973883
1621676853,0.019738788
1621676854,0.019738793
1621676855,0.019738842
1621676856,0.019739157
1621676857,0.019739166
1621676858,0.019739255
1621676859,0.019739302
1621676860,0.019739395
1621676861,0.019739583
1621676862,0.019739761
1621676863,0.019739763
1621676864,0.019739808
1621676866,0.019739813
1621676867,0.019739902
1621676868,0.019740391
1621676869,0.01974044
1621676870,0.019740399
1621676871,0.019740315
1621676872,0.019740318
1621676873,0.019740365
1621676874,0.019740903
1621676875,0.019740953
1621676876,0.019741086
1621676877,0.019741398
1621676878,0.0197414
1621676879,0.019741404
1621676880,0.019741719
1621676881,0.019741856
1621676882,0.019741862
1621676883,0.019741868
1621676884,0.019741871
1621676885,0.019742186
1621676886,0.019742237
1621676887,0.019742195
1621676888,0.019742112
1621676889,0.019742114
1621676891,0.019742032
1621676892,0.01974213
1621676893,0.019742137
1621676894,0.019742274
1621676895,0.019742234
1621676896,0.019742238
1621676897,0.019742286
1621676898,0.019742603
1621676899,0.019742612
1621676900,0.019742745
1621676901,0.019742705
1621676902,0.019742795
1621676903,0.019742841
1621676904,0.019743286
1621676905,0.019743383
1621676906,0.019743341
1621676907,0.019743477
1621676908,0.019743393
1621676909,0.019743716
1621676910,0.019743941
1621676911,0.019743945
1621676912,0.019743991
1621676913,0.019743952
1621676914,0.019743912
1621676915,0.019744052
1621676917,0.019744278
1621676918,0.019744281
1621676919,0.019744371
1621676920,0.019744373
1621676921,0.019744549
1621676922,0.019744555
1621676923,0.019744656
1621676924,0.019744746
1621676925,0.019744926
1621676926,0.019744928
1621676927,0.019744931
1621676928,0.01974516
1621676929,0.019745471
1621676930,0.019745432
1621676931,0.019745435
1621676932,0.019745396
1621676933,0.019745398
1621676934,0.01974567
1621676935,0.01974568
1621676936,0.019745642
1621676937,0.019745645
1621676938,0.019745603
1621676939,0.01974583
1621676940,0.019745971
1621676941,0.019745931
1621676943,0.019745933
1621676944,0.019746025
1621676945,0.019745983
1621676946,0.019746345
1621676947,0.019746444
1621676948,0.019746448
1621676949,0.019746406
1621676950,0.019746323
1621676951,0.019746326
1621676952,0.019746376
1621676953,0.019746429
1621676954,0.019746389
1621676955,0.019746611
1621676956,0.019746701
1621676957,0.019746659
1621676958,0.019746708
1621676959,0.019747066
1621676960,0.019747071
1621676961,0.019747072
1621676962,0.019746993
1621676963,0.019747129
1621676964,0.019747139
1621676965,0.0197471
1621676966,0.019747102
1621676967,0.019747193
1621676968,0.019747195
1621676969,0.019747155
1621676971,0.019747563
1621676972,0.019747525
1621676973,0.019747835
1621676974,0.019747883
1621676975,0.019748018
1621676976,0.01974798
1621676977,0.019748123
1621676978,0.01974813
1621676979,0.019748045
1621676980,0.019748093
1621676981,0.019748009
1621676982,0.019748054
1621676983,0.019748507
1621676984,0.019748468
1621676985,0.019748473
1621676986,0.019748739
1621676987,0.019748741
1621676988,0.019749146
1621676989,0.019749065
1621676990,0.019748981
1621676991,0.019748897
1621676992,0.019748945
1621676993,0.019748946
1621676994,0.019749089
1621676995,0.019749224
1621676997,0.019749144
1621676998,0.019749233
1621676999,0.019749193
1621677000,0.019749239
1621677001,0.019749602
1621677002,0.019749828
1621677003,0.019749874
1621677004,0.019749834
1621677005,0.019749836
1621677006,0.019749752
1621677007,0.019749934
1621677008,0.019749986
1621677009,0.019750031
1621677010,0.019750033
1621677011,0.019750079
1621677012,0.019749995
1621677013,0.019750132
1621677014,0.019750099
1621677015,0.019750145
1621677016,0.019750233
1621677017,0.019750412
1621677018,0.019750464
1621677019,0.01975047
1621677020,0.019750559
1621677022,0.019750606
1621677023,0.019750566
1621677024,0.01975057
1621677025,0.019751012
1621677026,0.019750933
1621677027,0.019750893
1621677028,0.019750808
1621677029,0.019750725
1621677030,0.019750641
1621677031,0.019750824
1621677032,0.019750878
1621677033,0.019751145
1621677034,0.019751061
1621677035,0.019751021
1621677036,0.019750981
1621677037,0.019751032
1621677038,0.019751088
1621677039,0.019751136
1621677040,0.019751185
1621677041,0.019751146
1621677042,0.019751146
1621677043,0.019751601
1621677044,0.019751559
1621677045,0.019751476
1621677046,0.019751478
1621677047,0.019751441
1621677049,0.019751672
1621677050,0.019752029
1621677051,0.019751947
1621677052,0.019751862
1621677053,0.01975182
1621677054,0.01975178
1621677055,0.019751871
1621677056,0.019752189
1621677057,0.01975215
1621677058,0.019752153
1621677059,0.019752243
1621677060,0.019752334
1621677061,0.019752423
1621677062,0.01975252
1621677063,0.019752568
1621677064,0.019752573
1621677065,0.019752751
1621677066,0.019752928
1621677067,0.019753202
1621677068,0.019753165
1621677069,0.019753126
1621677070,0.01975304
1621677071,0.019753042
1621677072,0.019753045
1621677074,0.019753186
1621677075,0.019753236
1621677076,0.019753283
1621677077,0.019753289
1621677078,0.019753204
1621677079,0.019753251
1621677080,0.019753872
1621677081,0.019753965
1621677082,0.019754014
1621677083,0.019754018
1621677084,0.019754062
1621677085,0.019753978
1621677086,0.019754162
1621677087,0.019754166
1621677088,0.019754169
1621677089,0.019754087
1621677090,0.019754001
1621677091,0.019753918
1621677092,0.019754101
1621677093,0.019754111
1621677094,0.019754116
1621677095,0.019754383
1621677096,0.019754344
1621677097,0.019754481
1621677098,0.019754489
1621677099,0.019754403
1621677101,0.019754452
1621677102,0.019754456
1621677103,0.019754458
1621677104,0.019754819
1621677105,0.019754739
1621677106,0.019754745
1621677107,0.019754659
1621677108,0.019754663
1621677109,0.019754667
1621677110,0.019754629
1621677111,0.019754903
1621677112,0.019754905
1621677113,0.019754864
1621677114,0.019754867
1621677115,0.019754871
1621677116,0.019755183
1621677117,0.019755194
1621677118,0.019755326
1621677119,0.019755247
1621677120,0.019755384
1621677121,0.019755613
1621677122,0.019755751
1621677123,0.019755754
1621677124,0.019755712
1621677125,0.019755629
1621677126,0.019755676
1621677128,0.019756078
1621677129,0.019756131
1621677130,0.019756263
1621677131,0.019756267
1621677132,0.019756315
1621677133,0.019756361
1621677134,0.019756543
1621677135,0.019756638
1621677136,0.019756642
1621677137,0.019756731
1621677138,0.019756777
1621677139,0.019756739
1621677140,0.019756874
1621677141,0.019756928
1621677142,0.019757107
1621677143,0.019757284
1621677144,0.019757418
1621677145,0.019757419
1621677146,0.019758175
1621677147,0.019758224
1621677148,0.019758229
1621677149,0.019758145
1621677150,0.019758191
1621677151,0.019758239
1621677152,0.01975838
1621677154,0.019758384
1621677155,0.019758428
1621677156,0.019758432
1621677157,0.01975839
1621677158,0.019758396
1621677159,0.019758756
1621677160,0.019758804
1621677161,0.019758764
1621677162,0.019758682
1621677163,0.019758684
1621677164,0.019758689
1621677165,0.019758918
1621677166,0.019758968
1621677167,0.019758973
1621677168,0.019758932
1621677169,0.019758979
1621677170,0.019758937
1621677171,0.019759469
1621677172,0.019759433
1621677173,0.019759436
1621677174,0.019759703
1621677175,0.019759748
1621677176,0.019759892
1621677177,0.019759986
1621677178,0.019760075
1621677180,0.019760036
1621677181,0.019760173
1621677182,0.019760176
1621677183,0.019760449
1621677184,0.019760498
1621677185,0.019760543
1621677186,0.019760458
1621677187,0.019760547
1621677188,0.019760638
1621677189,0.019760605
1621677190,0.019760569
1621677191,0.01976075
1621677192,0.019760709
1621677193,0.019760712
1621677194,0.019760761
1621677195,0.01976095
1621677196,0.019760955
1621677197,0.019761088
1621677198,0.019760965
1621677199,0.019761141
1621677200,0.019761198
1621677201,0.019761291
1621677202,0.019761382
1621677203,0.019761345
1621677204,0.019761348
1621677205,0.019761393
1621677207,0.019761577
1621677208,0.019761762
1621677209,0.019761895
1621677210,0.019762115
1621677211,0.019762162
1621677212,0.019762207
1621677213,0.019762563
1621677214,0.01976266
1621677215,0.019762578
1621677216,0.019762493
1621677217,0.019762541
1621677218,0.019762543
1621677219,0.019762636
1621677220,0.019762823
1621677221,0.019762782
1621677222,0.019762871
1621677223,0.019762745
1621677224,0.019762926
1621677225,0.019763066
1621677226,0.019762983
1621677227,0.019762987
1621677228,0.019762907
1621677229,0.019762954
1621677231,0.019763046
1621677232,0.019763102
1621677233,0.019763148
1621677234,0.019763153
1621677235,0.0197632
1621677236,0.019763203
1621677237,0.019763296
1621677238,0.019763308
1621677239,0.019763356
1621677240,0.019763404
1621677241,0.019763801
1621677242,0.01976372
1621677243,0.019763856
1621677244,0.019764131
1621677245,0.019764351
1621677246,0.0197644
1621677247,0.019764358
1621677248,0.019764578
1621677249,0.019764809
1621677250,0.019764813
1621677251,0.019764728
1621677252,0.019764776
1621677253,0.019764735
1621677254,0.019764696
1621677255,0.019764834
1621677256,0.019765015
1621677258,0.019764931
1621677259,0.019765022
1621677260,0.01976511
1621677261,0.019765115
1621677262,0.019765255
1621677263,0.019765221
1621677264,0.019765308
1621677265,0.019765313
1621677266,0.019765314
1621677267,0.019765403
1621677268,0.01976559
1621677269,0.019765595
1621677270,0.019765514
1621677271,0.019765516
1621677272,0.019765519
1621677273,0.019765829
1621677274,0.019766014
1621677275,0.019766063
1621677276,0.01976598
1621677277,0.019766029
1621677278,0.019765987
1621677279,0.01976626
1621677280,0.019766394
1621677281,0.01976631
1621677282,0.019766314
1621677283,0.019766273
1621677285,0.019766363
1621677286,0.019766725
1621677287,0.019766688
1621677288,0.019766734
1621677289,0.019766823
1621677290,0.01976709
1621677291,0.019767093
1621677292,0.019767193
1621677293,0.019767196
1621677294,0.01976711
1621677295,0.019767112
1621677296,0.019767028
1621677297,0.019766988
1621677298,0.019767264
1621677299,0.019767228
1621677300,0.019767318
1621677301,0.019767277
1621677302,0.019767194
1621677303,0.019767456
1621677304,0.01976735
1621677305,0.019767529
1621677306,0.019767575
1621677307,0.019767579
1621677308,0.019767583
1621677309,0.019767806
1621677310,0.019767897
1621677312,0.019767901
1621677313,0.019767819
1621677314,0.019767733
1621677315,0.019767735
1621677316,0.019767964
1621677317,0.019768016
1621677318,0.019768018
1621677319,0.019768063
1621677320,0.019768153
1621677321,0.019768116
1621677322,0.019768478
1621677323,0.019768528
1621677324,0.019768531
1621677325,0.01976862
1621677326,0.019768666
1621677327,0.019768841
1621677328,0.019768941
1621677329,0.01976899
1621677330,0.019768952
1621677331,0.019768954
1621677332,0.019768869
1621677333,0.019769053
1621677334,0.019769105
1621677335,0.019769065
1621677336,0.01976898
1621677337,0.019769111
1621677339,0.019769159
1621677340,0.019769209
1621677341,0.019769215
1621677342,0.019769391
1621677343,0.019769393
1621677344,0.019769394
1621677345,0.019769398
1621677346,0.019769583
1621677347,0.019769591
1621677348,0.01976968
1621677349,0.019769726
1621677350,0.019769774
1621677351,0.019769864
1621677352,0.019770135
1621677353,0.019770318
1621677354,0.01977032
1621677355,0.019770631
1621677356,0.019770506
1621677357,0.019770512
1621677358,0.019770655
1621677359,0.019770702
1621677360,0.019770924
1621677361,0.019771018
1621677362,0.01977102
1621677363,0.019771156
1621677365,0.019771513
1621677366,0.019771475
1621677367,0.019771607
1621677368,0.019771571
1621677369,0.019771617
1621677370,0.019771795
1621677371,0.019772157
1621677372,0.019772335
1621677373,0.019772339
1621677374,0.019772385
1621677375,0.019772476
1621677376,0.019772393
1621677377,0.019772577
1621677378,0.019772669
1621677379,0.019772628
1621677380,0.019772672
1621677381,0.019772676
1621677382,0.019772809
1621677383,0.019773214
1621677384,0.019773348
1621677385,0.019773307
1621677386,0.019773226
1621677387,0.019773401
1621677388,0.019773979
1621677389,0.019774027
1621677391,0.019774031
1621677392,0.019773946
1621677393,0.019773949
1621677394,0.01977408
1621677395,0.019774442
1621677396,0.019774535
1621677397,0.01977445
1621677398,0.019774454
1621677399,0.019774368
1621677400,0.019774285
1621677401,0.019774693
1621677402,0.019774654
1621677403,0.019774658
1621677404,0.01977466
1621677405,0.01977462
1621677406,0.019774929
1621677407,0.019775114
1621677408,0.019775253
1621677409,0.019775214
1621677410,0.019775221
1621677411,0.019775182
1621677412,0.019775321
1621677413,0.019775331
1621677414,0.01977529
1621677415,0.019775337
1621677416,0.019775295
1621677417,0.019775299
1621677419,0.019775481
1621677420,0.019775573
1621677421,0.019775578
1621677422,0.019775801
1621677423,0.019775803
1621677424,0.019775762
1621677425,0.019776082
1621677426,0.019776177
1621677427,0.019776222
1621677428,0.01977614
1621677429,0.019776056
1621677430,0.019776234
1621677431,0.01977659
1621677432,0.019776642
1621677433,0.019776558
1621677434,0.019776518
1621677435,0.019776476
1621677436,0.019776524
1621677437,0.019776799
1621677438,0.01977676
1621677439,0.019776806
1621677440,0.019776721
1621677441,0.019776682
1621677442,0.019776692
1621677443,0.019776875
1621677444,0.019776921
1621677446,0.01977688
1621677447,0.019776927
1621677448,0.019776931
1621677449,0.019777421
1621677450,0.019777563
1621677451,0.019777654
1621677452,0.019777659
1621677453,0.019777661
1621677454,0.019777579
1621677455,0.019777936
1621677456,0.019778162
1621677457,0.019778211
1621677458,0.019778256
1621677459,0.01977826
1621677460,0.019778262
1621677461,0.019778532
1621677462,0.019778803
1621677463,0.019778721
1621677464,0.019778641
1621677465,0.0197786
1621677466,0.019778785
1621677467,0.019778836
1621677468,0.019778796
1621677469,0.0197788
1621677470,0.019778807
1621677472,0.019778941
1621677473,0.01977952
1621677474,0.019779615
1621677475,0.019779574
1621677476,0.019779534
1621677477,0.019779583
1621677478,0.019779628
1621677479,0.0197799
1621677480,0.019780043
1621677481,0.019780222
1621677482,0.019780139
1621677483,0.019780142
1621677484,0.019780145
1621677485,0.019780241
1621677486,0.019780424
1621677487,0.019780513
1621677488,0.019780475
1621677489,0.019780744
1621677490,0.019780879
1621677491,0.019781242
1621677492,0.019781292
1621677493,0.019781251
1621677494,0.019781255
1621677496,0.019781213
1621677497,0.019781303
1621677498,0.019781357
1621677499,0.019781408
1621677500,0.019781454
1621677501,0.019781544
1621677502,0.019781462
1621677503,0.019781377
1621677504,0.019781565
1621677505,0.019781568
1621677506,0.019781528
1621677507,0.019781708
1621677508,0.019781624
1621677509,0.019781542
1621677510,0.019781946
1621677511,0.019781951
1621677512,0.019781914
1621677513,0.019782007
1621677514,0.019782054
1621677515,0.019782243
1621677516,0.019782293
1621677517,0.019782209
1621677518,0.019782127
1621677519,0.019782085
1621677520,0.019782045
1621677521,0.019782362
1621677523,0.019782368
1621677524,0.019782591
1621677525,0.019782592
1621677526,0.019782552
1621677527,0.01978251
1621677528,0.019782696
1621677529,0.019782745
1621677530,0.019782748
1621677531,0.019782709
1621677532,0.019782712
1621677533,0.019782671
1621677534,0.019782813
1621677535,0.019782774
1621677536,0.019782952
1621677537,0.019782911
1621677538,0.019782826
1621677539,0.01978279
1621677540,0.019783402
1621677541,0.019783289
1621677542,0.019783291
1621677543,0.01978334
1621677544,0.019783343
1621677545,0.019783571
1621677546,0.019783707
1621677547,0.019783625
1621677549,0.019783543
1621677550,0.019783588
1621677551,0.019783637
1621677552,0.019783864
1621677553,0.019784047
1621677554,0.019784094
1621677555,0.019784142
1621677556,0.019784274
1621677557,0.019784586
1621677558,0.019784766
1621677559,0.019784776
1621677560,0.019784779
1621677561,0.019784914
1621677562,0.019785047
1621677563,0.019785266
1621677564,0.01978549
1621677565,0.019785673
1621677566,0.019785676
1621677567,0.019785766
1621677568,0.019785645
1621677569,0.019785695
1621677570,0.019785795
1621677571,0.019785799
1621677572,0.019785757
1621677573,0.01978598
1621677574,0.019786025
1621677576,0.019786075
1621677577,0.019786171
1621677578,0.019786133
1621677579,0.019786047
1621677580,0.019786007
1621677581,0.019785967
1621677582,0.019786016
1621677583,0.019786372
1621677584,0.01978642
1621677585,0.019786381
1621677586,0.019786341
1621677587,0.019786386
1621677588,0.019786524
1621677589,0.019786839
1621677590,0.019786841
1621677591,0.01978715
1621677592,0.019787067
1621677593,0.019787112
1621677594,0.019787258
1621677595,0.019787306
1621677596,0.019787353
1621677597,0.01978727
1621677598,0.019787229
1621677599,0.01978719
1621677600,0.01978742
1621677602,0.019787382
1621677603,0.019787297
1621677604,0.0197873
1621677605,0.01978726
1621677606,0.01978735
1621677607,0.019787669
1621677608,0.019787937
1621677609,0.019787897
1621677610,0.019787898
1621677611,0.019787857
1621677612,0.019787816
1621677613,0.019788481
1621677614,0.019788531
1621677615,0.019788491
1621677616,0.019788492
1621677617,0.019788496
1621677618,0.019788455
1621677619,0.019788641
1621677620,0.019788777
1621677621,0.019788825
1621677622,0.019788827
1621677623,0.019788786
1621677624,0.019789193
1621677625,0.019789199
1621677626,0.019789161
1621677627,0.01978912
1621677628,0.019789125
1621677630,0.019789172
1621677631,0.019789272
1621677632,0.019789493
1621677633,0.019789453
1621677634,0.019789454
1621677635,0.019789416
1621677636,0.01978955
1621677637,0.019789907
1621677638,0.019789959
1621677639,0.019790135
1621677640,0.019790094
1621677641,0.019790053
1621677642,0.019790145
1621677643,0.019790548
1621677644,0.019790729
1621677645,0.019790862
1621677646,0.019790866
1621677647,0.019791001
1621677648,0.01979114
1621677649,0.019791324
1621677650,0.019791328
1621677651,0.019791288
1621677652,0.019791246
1621677653,0.019791336
1621677654,0.019791563
1621677656,0.019791569
1621677657,0.019791572
1621677658,0.019791531
1621677659,0.019791756
1621677660,0.019791714
1621677661,0.019791899
1621677662,0.019791947
1621677663,0.01979195
1621677664,0.019791996
1621677665,0.019791953
1621677666,0.019791956
1621677667,0.019791965
1621677668,0.019791973
1621677669,0.019791978
1621677670,0.019792023
1621677671,0.019792027
1621677672,0.019791988
1621677673,0.019792212
1621677674,0.019792524
1621677675,0.019792835
1621677676,0.019792798
1621677677,0.019792799
1621677678,0.01979285
